{"cameraMode":{"drawMode":0,"name":"Shaded","section":"Shading Mode"},"sceneLighting":false,"audioPlay":false,"sceneViewState":{"m_AlwaysRefresh":false,"showFog":true,"showSkybox":false,"showFlares":true,"showImageEffects":true,"showParticleSystems":true,"showVisualEffectGraphs":true,"m_FxEnabled":true},"in2DMode":false,"pivot":{"x":-0.18842600286006928,"y":0.06365171819925308,"z":-1.252667784690857},"rotation":{"x":0.09285300225019455,"y":-0.016427846625447274,"z":0.0015322951367124916,"w":0.9955415725708008},"size":0.0527946911752224,"orthographic":false}