{"cameraMode":{"drawMode":0,"name":"Shaded","section":"Shading Mode"},"sceneLighting":false,"audioPlay":false,"sceneViewState":{"m_AlwaysRefresh":false,"showFog":true,"showSkybox":false,"showFlares":true,"showImageEffects":true,"showParticleSystems":true,"showVisualEffectGraphs":true,"m_FxEnabled":true},"in2DMode":false,"pivot":{"x":-1.1014024019241334,"y":-0.30261045694351199,"z":2.8674464225769045},"rotation":{"x":-0.16247431933879853,"y":0.08483916521072388,"z":-0.014023111201822758,"w":-0.9829571843147278},"size":1.8395006656646729,"orthographic":false}