{"cameraMode":{"drawMode":0,"name":"Shaded","section":"Shading Mode"},"sceneLighting":false,"audioPlay":false,"sceneViewState":{"m_AlwaysRefresh":false,"showFog":true,"showSkybox":false,"showFlares":true,"showImageEffects":true,"showParticleSystems":true,"showVisualEffectGraphs":true,"m_FxEnabled":true},"in2DMode":false,"pivot":{"x":-0.07764457166194916,"y":0.07344529777765274,"z":-0.10199838876724243},"rotation":{"x":-0.16173221170902253,"y":0.37487122416496279,"z":-0.06659355014562607,"w":-0.9104279279708862},"size":0.8660253882408142,"orthographic":false}