{"cameraMode":{"drawMode":0,"name":"Shaded","section":"Shading Mode"},"sceneLighting":false,"audioPlay":false,"sceneViewState":{"m_AlwaysRefresh":false,"showFog":true,"showSkybox":false,"showFlares":true,"showImageEffects":true,"showParticleSystems":true,"showVisualEffectGraphs":true,"m_FxEnabled":true},"in2DMode":false,"pivot":{"x":1.4841994047164918,"y":-0.04915918782353401,"z":3.927264928817749},"rotation":{"x":-0.08195236325263977,"y":-0.13502003252506257,"z":0.011207366362214089,"w":-0.9873781204223633},"size":2.9491517543792726,"orthographic":false}