{"cameraMode":{"drawMode":0,"name":"Shaded","section":"Shading Mode"},"sceneLighting":false,"audioPlay":false,"sceneViewState":{"m_AlwaysRefresh":false,"showFog":true,"showSkybox":false,"showFlares":true,"showImageEffects":true,"showParticleSystems":true,"showVisualEffectGraphs":true,"m_FxEnabled":true},"in2DMode":false,"pivot":{"x":0.05130753293633461,"y":0.8826230764389038,"z":3.0109689235687258},"rotation":{"x":0.08688932657241821,"y":0.004483042284846306,"z":-0.00039093088707886636,"w":0.9962079524993897},"size":0.45396795868873598,"orthographic":true}