{"cameraMode":{"drawMode":0,"name":"Shaded","section":"Shading Mode"},"sceneLighting":false,"audioPlay":false,"sceneViewState":{"m_AlwaysRefresh":false,"showFog":true,"showSkybox":false,"showFlares":true,"showImageEffects":true,"showParticleSystems":true,"showVisualEffectGraphs":true,"m_FxEnabled":true},"in2DMode":false,"pivot":{"x":0.35665637254714968,"y":-0.26421523094177248,"z":1.511214017868042},"rotation":{"x":-0.20503129065036775,"y":-0.1441633105278015,"z":0.03054710477590561,"w":-0.9675916433334351},"size":1.384232521057129,"orthographic":false}